{"cameraMode":{"drawMode":0,"name":"Shaded","section":"Shading Mode"},"sceneLighting":false,"audioPlay":false,"sceneViewState":{"showFog":true,"showMaterialUpdate":false,"showSkybox":false,"showFlares":true,"showImageEffects":true,"showParticleSystems":true},"in2DMode":false,"pivot":{"x":-0.6511449813842773,"y":-0.7333784103393555,"z":0.1334715634584427},"rotation":{"x":-0.3141566216945648,"y":0.41178858280181887,"z":-0.15373505651950837,"w":-0.8414885401725769},"size":1.5600979328155518,"orthographic":false}