{"cameraMode":{"drawMode":0,"name":"Shaded","section":"Shading Mode"},"sceneLighting":false,"audioPlay":false,"sceneViewState":{"showFog":true,"showMaterialUpdate":false,"showSkybox":false,"showFlares":true,"showImageEffects":true,"showParticleSystems":true},"in2DMode":false,"pivot":{"x":5.557641983032227,"y":2.6210625171661379,"z":0.6049103736877441},"rotation":{"x":-0.4506765305995941,"y":0.304489403963089,"z":-0.16686193645000459,"w":-0.8223962187767029},"size":0.4481619596481323,"orthographic":false}