{"cameraMode":{"drawMode":0,"name":"Shaded","section":"Shading Mode"},"sceneLighting":true,"audioPlay":false,"sceneViewState":{"showFog":true,"showMaterialUpdate":false,"showSkybox":true,"showFlares":true,"showImageEffects":true,"showParticleSystems":true},"in2DMode":false,"pivot":{"x":-2.9368691444396974,"y":25.008155822753908,"z":4.934673309326172},"rotation":{"x":-0.3787337839603424,"y":0.36552271246910097,"z":-0.16600966453552247,"w":-0.8339192271232605},"size":7.120072364807129,"orthographic":false}