{"cameraMode":{"drawMode":0,"name":"Shaded","section":"Shading Mode"},"sceneLighting":false,"audioPlay":false,"sceneViewState":{"showFog":true,"showMaterialUpdate":false,"showSkybox":false,"showFlares":true,"showImageEffects":true,"showParticleSystems":true},"in2DMode":false,"pivot":{"x":-14.945272445678711,"y":26.587108612060548,"z":-77.163818359375},"rotation":{"x":-0.2075711190700531,"y":0.7847645878791809,"z":-0.34651774168014529,"w":-0.4700903594493866},"size":29.502552032470704,"orthographic":false}