{"cameraMode":{"drawMode":0,"name":"Shaded","section":"Shading Mode"},"sceneLighting":false,"audioPlay":false,"sceneViewState":{"showFog":true,"showMaterialUpdate":false,"showSkybox":false,"showFlares":true,"showImageEffects":true,"showParticleSystems":true},"in2DMode":false,"pivot":{"x":0.08899998664855957,"y":0.3669999837875366,"z":-0.04000002145767212},"rotation":{"x":-0.2245626449584961,"y":0.4230252504348755,"z":-0.10905655473470688,"w":-0.8710576891899109},"size":1.4966129064559937,"orthographic":false}