{"cameraMode":{"drawMode":0,"name":"Shaded","section":"Shading Mode"},"sceneLighting":false,"audioPlay":false,"sceneViewState":{"showFog":true,"showMaterialUpdate":false,"showSkybox":false,"showFlares":true,"showImageEffects":true,"showParticleSystems":true},"in2DMode":false,"pivot":{"x":-0.3314247131347656,"y":3.2222659587860109,"z":-3.6369094848632814},"rotation":{"x":-0.06386296451091767,"y":0.926918625831604,"z":-0.18481911718845368,"w":-0.32029062509536745},"size":7.865699291229248,"orthographic":false}