{"cameraMode":{"drawMode":0,"name":"Shaded","section":"Shading Mode"},"sceneLighting":true,"audioPlay":false,"sceneViewState":{"showFog":true,"showMaterialUpdate":false,"showSkybox":true,"showFlares":true,"showImageEffects":true,"showParticleSystems":true},"in2DMode":false,"pivot":{"x":568.9326171875,"y":1172.847900390625,"z":-104.886474609375},"rotation":{"x":0.07123953849077225,"y":0.8979222774505615,"z":-0.158121258020401,"w":0.4045478105545044},"size":1101.45361328125,"orthographic":false}