{"cameraMode":{"drawMode":0,"name":"Shaded","section":"Shading Mode"},"sceneLighting":false,"audioPlay":false,"sceneViewState":{"showFog":true,"showMaterialUpdate":false,"showSkybox":false,"showFlares":true,"showImageEffects":true,"showParticleSystems":true},"in2DMode":false,"pivot":{"x":106.3302001953125,"y":32.11626052856445,"z":-5.824728965759277},"rotation":{"x":0.025450173765420915,"y":0.16567188501358033,"z":-0.004277469590306282,"w":0.9858453273773193},"size":25.77984619140625,"orthographic":false}