{"cameraMode":{"drawMode":0,"name":"Shaded","section":"Shading Mode"},"sceneLighting":false,"audioPlay":false,"sceneViewState":{"showFog":true,"showMaterialUpdate":false,"showSkybox":false,"showFlares":true,"showImageEffects":true,"showParticleSystems":true},"in2DMode":false,"pivot":{"x":5.989963531494141,"y":28.583354949951173,"z":-16.348308563232423},"rotation":{"x":-0.019238736480474473,"y":0.8897742629051209,"z":-0.037668727338314059,"w":-0.4544389247894287},"size":73.69876861572266,"orthographic":false}