{"cameraMode":{"drawMode":0,"name":"Shaded","section":"Shading Mode"},"sceneLighting":false,"audioPlay":false,"sceneViewState":{"showFog":true,"showMaterialUpdate":false,"showSkybox":false,"showFlares":true,"showImageEffects":true,"showParticleSystems":true},"in2DMode":false,"pivot":{"x":4.802434921264648,"y":35.5020751953125,"z":-79.07503509521485},"rotation":{"x":-0.1053834781050682,"y":0.870865523815155,"z":-0.21340115368366242,"w":-0.43005889654159548},"size":11.397802352905274,"orthographic":false}