{"cameraMode":{"drawMode":0,"name":"Shaded","section":"Shading Mode"},"sceneLighting":false,"audioPlay":false,"sceneViewState":{"showFog":true,"showMaterialUpdate":false,"showSkybox":false,"showFlares":true,"showImageEffects":true,"showParticleSystems":true},"in2DMode":false,"pivot":{"x":-3.4007930755615236,"y":39.02659606933594,"z":93.62113189697266},"rotation":{"x":-0.1053834781050682,"y":0.870865523815155,"z":-0.21340115368366242,"w":-0.43005889654159548},"size":52.76891326904297,"orthographic":false}