{"cameraMode":{"drawMode":0,"name":"Shaded","section":"Shading Mode"},"sceneLighting":false,"audioPlay":false,"sceneViewState":{"showFog":true,"showMaterialUpdate":false,"showSkybox":false,"showFlares":true,"showImageEffects":true,"showParticleSystems":true},"in2DMode":false,"pivot":{"x":-0.3314247131347656,"y":3.2222659587860109,"z":-3.6369094848632814},"rotation":{"x":-0.41544926166534426,"y":0.35427528619766238,"z":-0.1798756718635559,"w":-0.8182555437088013},"size":7.865699291229248,"orthographic":false}