{"cameraMode":{"drawMode":0,"name":"Shaded","section":"Shading Mode"},"sceneLighting":false,"audioPlay":false,"sceneViewState":{"showFog":true,"showMaterialUpdate":false,"showSkybox":false,"showFlares":true,"showImageEffects":true,"showParticleSystems":true},"in2DMode":false,"pivot":{"x":2.040018081665039,"y":-7.941915988922119,"z":1.2119464874267579},"rotation":{"x":0.23034557700157166,"y":-0.5907491445541382,"z":0.18100453913211823,"w":0.7518094182014465},"size":36.13735580444336,"orthographic":false}