{"cameraMode":{"drawMode":0,"name":"Shaded","section":"Shading Mode"},"sceneLighting":false,"audioPlay":false,"sceneViewState":{"showFog":true,"showMaterialUpdate":false,"showSkybox":false,"showFlares":true,"showImageEffects":true,"showParticleSystems":true},"in2DMode":false,"pivot":{"x":0.8096001148223877,"y":0.04035202041268349,"z":0.2278662621974945},"rotation":{"x":0.3623756766319275,"y":-0.002802920527756214,"z":0.001085754600353539,"w":0.9320461750030518},"size":2.54833984375,"orthographic":false}