{"cameraMode":{"drawMode":0,"name":"Shaded","section":"Shading Mode"},"sceneLighting":false,"audioPlay":false,"sceneViewState":{"showFog":true,"showMaterialUpdate":false,"showSkybox":false,"showFlares":true,"showImageEffects":true,"showParticleSystems":true},"in2DMode":false,"pivot":{"x":0.37874314188957217,"y":0.20516812801361085,"z":-0.49299997091293337},"rotation":{"x":0.09605395793914795,"y":-0.5522364377975464,"z":0.0642363503575325,"w":0.8256611227989197},"size":1.7836120128631592,"orthographic":false}