{"cameraMode":{"drawMode":0,"name":"Shaded","section":"Shading Mode"},"sceneLighting":false,"audioPlay":false,"sceneViewState":{"showFog":true,"showMaterialUpdate":false,"showSkybox":false,"showFlares":true,"showImageEffects":true,"showParticleSystems":true},"in2DMode":false,"pivot":{"x":66.48550415039063,"y":-127.31531524658203,"z":5.8919677734375},"rotation":{"x":-0.002453529741615057,"y":-0.9943482875823975,"z":0.10359615087509155,"w":-0.02357909269630909},"size":1102.9755859375,"orthographic":false}