{"cameraMode":{"drawMode":0,"name":"Shaded","section":"Shading Mode"},"sceneLighting":false,"audioPlay":false,"sceneViewState":{"showFog":true,"showMaterialUpdate":false,"showSkybox":false,"showFlares":true,"showImageEffects":true,"showParticleSystems":true},"in2DMode":false,"pivot":{"x":0.3700000047683716,"y":0.9600000381469727,"z":0.0},"rotation":{"x":0.14632588624954225,"y":-0.6882309913635254,"z":0.14475899934768678,"w":0.695695698261261},"size":2.1650636196136476,"orthographic":false}