{"cameraMode":{"drawMode":0,"name":"Shaded","section":"Shading Mode"},"sceneLighting":false,"audioPlay":false,"sceneViewState":{"showFog":true,"showMaterialUpdate":false,"showSkybox":false,"showFlares":true,"showImageEffects":true,"showParticleSystems":true},"in2DMode":false,"pivot":{"x":-122.22750854492188,"y":-26.84626007080078,"z":90.67650604248047},"rotation":{"x":0.06583047658205033,"y":-0.4828832447528839,"z":0.03643462434411049,"w":0.8724607229232788},"size":138.67361450195313,"orthographic":false}