{"cameraMode":{"drawMode":0,"name":"Shaded","section":"Shading Mode"},"sceneLighting":false,"audioPlay":false,"sceneViewState":{"showFog":true,"showMaterialUpdate":false,"showSkybox":false,"showFlares":true,"showImageEffects":true,"showParticleSystems":true},"in2DMode":false,"pivot":{"x":0.40120503306388857,"y":0.5151535868644714,"z":0.2620764970779419},"rotation":{"x":-0.27363571524620058,"y":0.31772497296333315,"z":-0.09629733115434647,"w":-0.9027398228645325},"size":1.211117148399353,"orthographic":false}