{"cameraMode":{"drawMode":0,"name":"Shaded","section":"Shading Mode"},"sceneLighting":false,"audioPlay":false,"sceneViewState":{"showFog":true,"showMaterialUpdate":false,"showSkybox":false,"showFlares":true,"showImageEffects":true,"showParticleSystems":true},"in2DMode":false,"pivot":{"x":-6.2345781326293949,"y":-0.3910578489303589,"z":-2.0902817249298097},"rotation":{"x":-0.014714552089571953,"y":0.955711841583252,"z":0.048486098647117618,"w":0.29000890254974368},"size":5.387299060821533,"orthographic":false}