{"cameraMode":{"drawMode":0,"name":"Shaded","section":"Shading Mode"},"sceneLighting":false,"audioPlay":false,"sceneViewState":{"showFog":true,"showMaterialUpdate":false,"showSkybox":false,"showFlares":true,"showImageEffects":true,"showParticleSystems":true},"in2DMode":false,"pivot":{"x":-0.38553571701049807,"y":-2.9347376823425295,"z":2.305339813232422},"rotation":{"x":0.23034557700157166,"y":-0.5907491445541382,"z":0.18100453913211823,"w":0.7518094182014465},"size":18.139617919921876,"orthographic":false}