{"cameraMode":{"drawMode":0,"name":"Shaded","section":"Shading Mode"},"sceneLighting":false,"audioPlay":false,"sceneViewState":{"showFog":true,"showMaterialUpdate":false,"showSkybox":false,"showFlares":true,"showImageEffects":true,"showParticleSystems":true},"in2DMode":false,"pivot":{"x":0.004300475120544434,"y":0.20373918116092683,"z":-0.008447930216789246},"rotation":{"x":-0.27363571524620058,"y":0.31772497296333315,"z":-0.09629733115434647,"w":-0.9027398228645325},"size":0.27816641330718996,"orthographic":false}