{"cameraMode":{"drawMode":0,"name":"Shaded","section":"Shading Mode"},"sceneLighting":false,"audioPlay":false,"sceneViewState":{"showFog":true,"showMaterialUpdate":false,"showSkybox":false,"showFlares":true,"showImageEffects":true,"showParticleSystems":true},"in2DMode":false,"pivot":{"x":-1.7470178604125977,"y":-1.21821129322052,"z":0.7888730764389038},"rotation":{"x":0.2548772990703583,"y":-0.3876813054084778,"z":0.11244767904281616,"w":0.8787096738815308},"size":3.4934685230255129,"orthographic":false}