{"cameraMode":{"drawMode":0,"name":"Shaded","section":"Shading Mode"},"sceneLighting":false,"audioPlay":false,"sceneViewState":{"showFog":true,"showMaterialUpdate":false,"showSkybox":false,"showFlares":true,"showImageEffects":true,"showParticleSystems":true},"in2DMode":false,"pivot":{"x":0.1671309471130371,"y":0.0,"z":0.15232360363006593},"rotation":{"x":0.09605395793914795,"y":-0.5522364377975464,"z":0.0642363503575325,"w":0.8256611227989197},"size":2.115147590637207,"orthographic":false}