{"cameraMode":{"drawMode":0,"name":"Shaded","section":"Shading Mode"},"sceneLighting":false,"audioPlay":false,"sceneViewState":{"showFog":true,"showMaterialUpdate":false,"showSkybox":false,"showFlares":true,"showImageEffects":true,"showParticleSystems":true},"in2DMode":false,"pivot":{"x":0.4140000343322754,"y":0.0,"z":-1.748000144958496},"rotation":{"x":0.14280949532985688,"y":-0.7411505579948425,"z":0.16682042181491853,"w":0.6344501376152039},"size":2.5301272869110109,"orthographic":false}