{"cameraMode":{"drawMode":0,"name":"Shaded","section":"Shading Mode"},"sceneLighting":true,"audioPlay":false,"sceneViewState":{"showFog":true,"showMaterialUpdate":false,"showSkybox":true,"showFlares":true,"showImageEffects":true,"showParticleSystems":true},"in2DMode":false,"pivot":{"x":520.2238159179688,"y":1086.4124755859375,"z":-186.090576171875},"rotation":{"x":-0.001889311126433313,"y":0.9965384006500244,"z":-0.07970263063907623,"w":-0.023621657863259317},"size":456.2123107910156,"orthographic":false}