{"cameraMode":{"drawMode":0,"name":"Shaded","section":"Shading Mode"},"sceneLighting":false,"audioPlay":false,"sceneViewState":{"showFog":true,"showMaterialUpdate":false,"showSkybox":false,"showFlares":true,"showImageEffects":true,"showParticleSystems":true},"in2DMode":false,"pivot":{"x":1.1561944484710694,"y":0.36234185099601748,"z":0.5407243967056274},"rotation":{"x":-0.1414673924446106,"y":-0.19813664257526399,"z":0.028918849304318429,"w":-0.9694973826408386},"size":2.2327845096588136,"orthographic":false}