{"cameraMode":{"drawMode":0,"name":"Shaded","section":"Shading Mode"},"sceneLighting":false,"audioPlay":false,"sceneViewState":{"showFog":true,"showMaterialUpdate":false,"showSkybox":false,"showFlares":true,"showImageEffects":true,"showParticleSystems":true},"in2DMode":false,"pivot":{"x":-1.6570985317230225,"y":-0.5124800205230713,"z":2.1767055988311769},"rotation":{"x":0.17407003045082093,"y":-0.5108550786972046,"z":0.10648384690284729,"w":0.8350983262062073},"size":2.949726104736328,"orthographic":false}