{"cameraMode":{"drawMode":0,"name":"Shaded","section":"Shading Mode"},"sceneLighting":false,"audioPlay":false,"sceneViewState":{"showFog":true,"showMaterialUpdate":false,"showSkybox":false,"showFlares":true,"showImageEffects":true,"showParticleSystems":true},"in2DMode":false,"pivot":{"x":0.004300475120544434,"y":0.20373918116092683,"z":-0.008447930216789246},"rotation":{"x":-0.002527901902794838,"y":0.9945760369300842,"z":-0.10119394958019257,"w":-0.024759942665696145},"size":0.27816641330718996,"orthographic":false}