{"cameraMode":{"drawMode":0,"name":"Shaded","section":"Shading Mode"},"sceneLighting":true,"audioPlay":false,"sceneViewState":{"showFog":true,"showMaterialUpdate":false,"showSkybox":true,"showFlares":true,"showImageEffects":true,"showParticleSystems":true},"in2DMode":false,"pivot":{"x":0.9735563397407532,"y":0.6608965396881104,"z":0.084625244140625},"rotation":{"x":0.1859016716480255,"y":0.09122904390096665,"z":-0.017336711287498475,"w":0.9781754612922669},"size":0.9339746832847595,"orthographic":false}