{"cameraMode":{"drawMode":0,"name":"Shaded","section":"Shading Mode"},"sceneLighting":false,"audioPlay":false,"sceneViewState":{"showFog":true,"showMaterialUpdate":false,"showSkybox":false,"showFlares":true,"showImageEffects":true,"showParticleSystems":true},"in2DMode":false,"pivot":{"x":0.9670000076293945,"y":0.5699999928474426,"z":0.03999999165534973},"rotation":{"x":-0.3329302668571472,"y":-0.49392789602279665,"z":0.21228083968162538,"w":-0.7746992111206055},"size":10.301556587219239,"orthographic":false}