{"cameraMode":{"drawMode":0,"name":"Shaded","section":"Shading Mode"},"sceneLighting":false,"audioPlay":false,"sceneViewState":{"showFog":true,"showMaterialUpdate":false,"showSkybox":false,"showFlares":true,"showImageEffects":true,"showParticleSystems":true},"in2DMode":false,"pivot":{"x":-3.3815464973449709,"y":0.17853687703609467,"z":-0.47710102796554568},"rotation":{"x":-0.0017269501695409418,"y":0.6958252191543579,"z":-0.0016619361704215408,"w":-0.7182661294937134},"size":4.346786022186279,"orthographic":false}