{"cameraMode":{"drawMode":0,"name":"Shaded","section":"Shading Mode"},"sceneLighting":false,"audioPlay":false,"sceneViewState":{"showFog":true,"showMaterialUpdate":false,"showSkybox":false,"showFlares":true,"showImageEffects":true,"showParticleSystems":true},"in2DMode":false,"pivot":{"x":1.082574725151062,"y":0.7420226335525513,"z":0.3025659918785095},"rotation":{"x":0.04354489967226982,"y":0.9563867449760437,"z":-0.2101636677980423,"w":0.1981552392244339},"size":1.0224745273590088,"orthographic":false}