{"cameraMode":{"drawMode":0,"name":"Shaded","section":"Shading Mode"},"sceneLighting":true,"audioPlay":false,"sceneViewState":{"showFog":true,"showMaterialUpdate":false,"showSkybox":true,"showFlares":true,"showImageEffects":true,"showParticleSystems":true},"in2DMode":false,"pivot":{"x":0.26989150047302248,"y":0.07039856910705567,"z":-0.461214542388916},"rotation":{"x":-0.3319114148616791,"y":-0.01895066350698471,"z":0.0066717625595629219,"w":-0.9431047439575195},"size":3.151094913482666,"orthographic":false}