{"cameraMode":{"drawMode":0,"name":"Shaded","section":"Shading Mode"},"sceneLighting":false,"audioPlay":false,"sceneViewState":{"showFog":true,"showMaterialUpdate":false,"showSkybox":false,"showFlares":true,"showImageEffects":true,"showParticleSystems":true},"in2DMode":false,"pivot":{"x":-0.7120000720024109,"y":0.0,"z":-1.6510000228881837},"rotation":{"x":0.20403368771076203,"y":0.014683824963867665,"z":-0.003060729708522558,"w":0.9788487553596497},"size":2.670323133468628,"orthographic":false}