{"cameraMode":{"drawMode":0,"name":"Shaded","section":"Shading Mode"},"sceneLighting":true,"audioPlay":false,"sceneViewState":{"showFog":true,"showMaterialUpdate":false,"showSkybox":true,"showFlares":true,"showImageEffects":true,"showParticleSystems":true},"in2DMode":false,"pivot":{"x":0.8857803344726563,"y":-1.270054817199707,"z":3.5426478385925295},"rotation":{"x":-0.18383656442165376,"y":-0.5775836110115051,"z":0.135483518242836,"w":-0.7837552428245544},"size":6.477607727050781,"orthographic":false}