{"cameraMode":{"drawMode":0,"name":"Shaded","section":"Shading Mode"},"sceneLighting":true,"audioPlay":false,"sceneViewState":{"showFog":true,"showMaterialUpdate":false,"showSkybox":true,"showFlares":true,"showImageEffects":true,"showParticleSystems":true},"in2DMode":false,"pivot":{"x":79.11296844482422,"y":10.901725769042969,"z":19.580482482910158},"rotation":{"x":0.2590041756629944,"y":0.6664773225784302,"z":-0.26721230149269106,"w":0.6460053324699402},"size":23.11599349975586,"orthographic":false}