{"cameraMode":{"drawMode":0,"name":"Shaded","section":"Shading Mode"},"sceneLighting":false,"audioPlay":false,"sceneViewState":{"showFog":true,"showMaterialUpdate":false,"showSkybox":false,"showFlares":true,"showImageEffects":true,"showParticleSystems":true},"in2DMode":false,"pivot":{"x":-32.5064811706543,"y":-14.232627868652344,"z":-79.86697387695313},"rotation":{"x":0.2815936803817749,"y":-0.6750553250312805,"z":0.3139176070690155,"w":0.6054302453994751},"size":75.32362365722656,"orthographic":false}