{"cameraMode":{"drawMode":0,"name":"Shaded","section":"Shading Mode"},"sceneLighting":true,"audioPlay":false,"sceneViewState":{"showFog":true,"showMaterialUpdate":false,"showSkybox":true,"showFlares":true,"showImageEffects":true,"showParticleSystems":true},"in2DMode":false,"pivot":{"x":-12.531476974487305,"y":-2.0322744846343996,"z":-9.779470443725586},"rotation":{"x":0.02875603176653385,"y":-0.9033981561660767,"z":0.061352990567684177,"w":0.42341870069503786},"size":11.209689140319825,"orthographic":false}