{"cameraMode":{"drawMode":0,"name":"Shaded","section":"Shading Mode"},"sceneLighting":false,"audioPlay":false,"sceneViewState":{"showFog":true,"showMaterialUpdate":false,"showSkybox":false,"showFlares":true,"showImageEffects":true,"showParticleSystems":true},"in2DMode":false,"pivot":{"x":0.8388042449951172,"y":-9.222556114196778,"z":1.980666160583496},"rotation":{"x":0.20539113879203797,"y":0.32181158661842348,"z":-0.07172995060682297,"w":0.9214704036712647},"size":15.066778182983399,"orthographic":false}