{"cameraMode":{"drawMode":0,"name":"Shaded","section":"Shading Mode"},"sceneLighting":false,"audioPlay":false,"sceneViewState":{"showFog":true,"showMaterialUpdate":false,"showSkybox":false,"showFlares":true,"showImageEffects":true,"showParticleSystems":true},"in2DMode":false,"pivot":{"x":-0.3314247131347656,"y":3.2222659587860109,"z":-3.6369094848632814},"rotation":{"x":-0.28009721636772158,"y":0.6029939651489258,"z":-0.2386157214641571,"w":-0.7078218460083008},"size":7.865699291229248,"orthographic":false}